City_ID,City,Country,Date,Lat,Lng,Max Temp,Humidity,Cloudiness,Wind Speed
0,Cabo San Lucas,MX,2021-10-31 01:33:58,22.8909,-109.9124,80.51,75,14,4.0
1,Cockburn Town,TC,2021-10-31 01:37:00,21.4612,-71.1419,82.62,63,61,10.85
2,Vaini,TO,2021-10-31 01:37:00,-21.2,-175.2,82.56,78,20,9.22
3,Comodoro Rivadavia,AR,2021-10-31 01:37:01,-45.8667,-67.5,44.46,81,0,1.14
4,Rocha,UY,2021-10-31 01:33:26,-34.4833,-54.3333,64.31,91,56,8.52
5,Ayorou,NE,2021-10-31 01:37:01,14.7308,0.9174,84.54,15,57,4.36
6,Yellowknife,CA,2021-10-31 01:32:21,62.456,-114.3525,28.29,99,40,6.91
7,Upernavik,GL,2021-10-31 01:37:02,72.7868,-56.1549,30.34,66,100,7.45
8,Mpika,ZM,2021-10-31 01:37:02,-11.8343,31.4529,64.15,40,31,4.29
9,Lata,PT,2021-10-31 01:37:03,40.1629,-8.3327,67.93,95,100,11.14
10,Puerto Ayora,EC,2021-10-31 01:37:03,-0.7393,-90.3518,70.65,85,100,7.27
11,Ushuaia,AR,2021-10-31 01:37:03,-54.8,-68.3,46.06,57,0,14.97
12,Ilulissat,GL,2021-10-31 01:37:04,69.2167,-51.1,35.62,75,20,19.57
13,Alta Floresta,BR,2021-10-31 01:37:04,-9.8756,-56.0861,74.61,79,86,3.33
14,Ribeira Grande,PT,2021-10-31 01:37:04,38.5167,-28.7,70.86,88,100,18.19
15,San Pedro,PH,2021-10-31 01:37:05,14.35,121.0167,88.32,58,8,8.05
16,Rikitea,PF,2021-10-31 01:37:05,-23.1203,-134.9692,74.59,87,100,21.83
17,Alofi,NU,2021-10-31 01:37:06,-19.0595,-169.9187,80.49,61,100,9.22
18,Cape Town,ZA,2021-10-31 01:37:06,-33.9258,18.4232,61.09,87,0,1.01
19,Plaza De Caisan,PA,2021-10-31 01:37:06,8.7333,-82.8167,69.94,96,100,1.9
20,Hobart,AU,2021-10-31 01:37:07,-42.8794,147.3294,60.26,55,75,1.01
21,Port Alfred,ZA,2021-10-31 01:37:07,-33.5906,26.891,65.05,79,73,3.47
22,Bengkulu,ID,2021-10-31 01:35:19,-3.8004,102.2655,81.55,78,100,5.06
23,Mataura,NZ,2021-10-31 01:37:08,-46.1927,168.8643,45.75,98,100,12.71
24,Erzin,TR,2021-10-31 01:37:08,36.9559,36.2,63.32,70,30,6.78
25,Kargil,IN,2021-10-31 01:37:09,34.5667,76.1,28.13,53,1,3.6
26,Nome,US,2021-10-31 01:37:09,64.5011,-165.4064,17.67,63,40,5.75
27,Hermanus,ZA,2021-10-31 01:37:10,-34.4187,19.2345,59.9,88,70,9.28
28,Jamestown,US,2021-10-31 01:37:10,42.097,-79.2353,51.39,98,90,1.01
29,Egersund,NO,2021-10-31 01:37:11,58.4513,5.9997,53.13,87,100,12.44
30,Georgiyevskoye,RU,2021-10-31 01:37:11,58.731,45.024,40.3,95,99,5.21
31,Barrow,US,2021-10-31 01:37:12,71.2906,-156.7887,19.42,79,90,4.61
32,Cleveland,US,2021-10-31 01:33:27,41.4995,-81.6954,55.36,93,90,4.61
33,Bredasdorp,ZA,2021-10-31 01:37:13,-34.5322,20.0403,58.28,97,20,3.47
34,Londonderry,GB,2021-10-31 01:37:13,54.9981,-7.3093,46.31,85,100,15.61
35,Norman Wells,CA,2021-10-31 01:37:14,65.282,-126.8329,19.44,93,20,5.75
36,Saint Anthony,US,2021-10-31 01:37:14,45.0205,-93.218,53.49,73,1,3.0
37,Korla,CN,2021-10-31 01:37:14,41.7597,86.1469,48.49,37,2,3.89
38,Saskylakh,RU,2021-10-31 01:37:15,71.9167,114.0833,12.51,94,100,10.89
39,Arraial Do Cabo,BR,2021-10-31 01:35:57,-22.9661,-42.0278,70.68,88,100,17.29
40,Kodiak,US,2021-10-31 01:37:15,57.79,-152.4072,46.27,85,100,34.0
41,Kavaratti,IN,2021-10-31 01:37:16,10.5669,72.642,81.79,73,98,2.86
42,Male,MV,2021-10-31 01:37:16,4.1748,73.5089,82.35,78,40,14.97
43,Privolzhskiy,RU,2021-10-31 01:37:17,51.4,46.0333,44.1,83,7,8.7
44,Soyo,AO,2021-10-31 01:37:17,-6.1349,12.3689,77.14,85,100,9.33
45,Busselton,AU,2021-10-31 01:37:17,-33.65,115.3333,65.05,63,97,3.49
46,Zhangye,CN,2021-10-31 01:37:18,38.9342,100.4517,47.37,27,7,2.75
47,Rio Gallegos,AR,2021-10-31 01:34:54,-51.6226,-69.2181,48.25,49,0,10.36
48,Cherskiy,RU,2021-10-31 01:38:18,68.75,161.3,1.99,96,100,6.35
49,Straumen,NO,2021-10-31 01:38:19,63.8709,11.2999,53.6,72,100,8.61
50,Palmer,US,2021-10-31 01:38:19,42.1584,-72.3287,58.98,86,90,6.91
51,Sukumo,JP,2021-10-31 01:38:20,32.9333,132.7333,61.39,92,100,8.43
52,Albany,US,2021-10-31 01:34:32,42.6001,-73.9662,56.19,93,100,2.33
53,Tuktoyaktuk,CA,2021-10-31 01:38:21,69.4541,-133.0374,14.0,92,75,9.22
54,Sindor,RU,2021-10-31 01:38:22,62.8629,51.8905,30.94,96,100,3.74
55,Scarborough,GB,2021-10-31 01:38:23,54.2797,-0.4044,46.08,88,54,3.0
56,Veraval,IN,2021-10-31 01:38:23,20.9,70.3667,74.79,45,84,11.07
57,Grand Gaube,MU,2021-10-31 01:38:23,-20.0064,57.6608,70.38,84,0,3.0
58,Iwaki,JP,2021-10-31 01:38:24,37.05,140.8833,63.05,73,87,4.92
59,Punta Arenas,CL,2021-10-31 01:38:25,-53.15,-70.9167,44.71,65,0,13.8
60,Kaitangata,NZ,2021-10-31 01:38:25,-46.2817,169.8464,48.56,91,100,20.02
61,Carnarvon,AU,2021-10-31 01:38:25,-24.8667,113.6333,73.47,60,0,17.27
62,Payao,PH,2021-10-31 01:38:26,10.1833,122.95,79.57,85,100,10.6
63,Atuona,PF,2021-10-31 01:38:26,-9.8,-139.0333,78.35,70,20,12.15
64,Bialystok,PL,2021-10-31 01:38:27,53.1333,23.15,44.96,79,57,10.92
65,Rio Novo,BR,2021-10-31 01:38:27,-21.4575,-43.1253,65.8,96,100,2.62
66,Provideniya,RU,2021-10-31 01:38:28,64.3833,-173.3,13.93,72,84,10.94
67,Aykhal,RU,2021-10-31 01:38:28,66.0,111.5,13.77,98,100,8.48
68,Kavieng,PG,2021-10-31 01:33:58,-2.5744,150.7967,83.03,77,77,13.22
69,Susuman,RU,2021-10-31 01:38:29,62.7833,148.1667,1.9,90,98,2.15
70,New Norfolk,AU,2021-10-31 01:38:29,-42.7826,147.0587,59.92,40,100,11.05
71,Banda Aceh,ID,2021-10-31 01:38:30,5.5577,95.3222,77.97,87,100,10.13
72,Torbay,CA,2021-10-31 01:38:30,47.6666,-52.7314,39.97,69,1,3.44
73,Itarema,BR,2021-10-31 01:38:30,-2.9248,-39.9167,79.59,79,41,10.69
74,Lamu,KE,2021-10-31 01:38:31,-2.2717,40.902,79.02,82,37,7.23
75,Lebu,CL,2021-10-31 01:38:31,-37.6167,-73.65,51.49,89,100,10.85
76,Tezu,IN,2021-10-31 01:38:31,27.9167,96.1667,71.8,49,99,0.54
77,Zakamensk,RU,2021-10-31 01:38:32,50.3741,103.2863,34.14,71,21,2.77
78,Georgetown,MY,2021-10-31 01:38:32,5.4112,100.3354,80.53,87,40,1.01
79,Srednekolymsk,RU,2021-10-31 01:38:33,67.45,153.6833,-0.56,93,100,8.01
80,Kahului,US,2021-10-31 01:37:00,20.8947,-156.47,85.26,68,20,11.5
81,Teya,RU,2021-10-31 01:38:34,60.3778,92.6267,18.32,84,100,11.32
82,Anadyr,RU,2021-10-31 01:33:52,64.75,177.4833,7.3,92,90,24.0
83,Port Shepstone,ZA,2021-10-31 01:38:34,-30.7414,30.455,63.37,76,7,7.0
84,Kuusamo,FI,2021-10-31 01:38:35,65.9667,29.1833,41.04,100,90,4.61
85,Saint George,US,2021-10-31 01:34:15,37.1041,-113.5841,72.95,41,1,5.99
86,Ust-Maya,RU,2021-10-31 01:38:35,60.4167,134.5333,7.93,85,54,1.61
87,Kloulklubed,PW,2021-10-31 01:38:36,7.0419,134.2556,77.5,80,100,15.23
88,Elliot,ZA,2021-10-31 01:38:36,-31.3333,27.85,47.14,82,0,4.03
89,Colborne,CA,2021-10-31 01:39:36,44.0001,-77.8828,51.71,97,100,11.25
90,Zyryanka,RU,2021-10-31 01:39:37,65.75,150.85,3.76,82,100,3.29
91,Kontagora,NG,2021-10-31 01:39:37,10.3999,5.4695,73.35,44,100,2.21
92,Iqaluit,CA,2021-10-31 01:39:38,63.7506,-68.5145,37.13,74,90,10.0
93,Avarua,CK,2021-10-31 01:35:37,-21.2078,-159.775,77.05,57,60,11.5
94,Qaanaaq,GL,2021-10-31 01:39:38,77.484,-69.3632,2.21,54,0,7.87
95,Kurumkan,RU,2021-10-31 01:39:39,54.3,110.3,28.18,61,65,1.57
96,Lorengau,PG,2021-10-31 01:39:39,-2.0226,147.2712,83.71,76,96,7.4
97,Plettenberg Bay,ZA,2021-10-31 01:39:39,-34.0527,23.3716,59.18,88,59,1.41
98,Airai,TL,2021-10-31 01:39:40,-8.9266,125.4092,76.53,53,56,1.72
99,Hithadhoo,MV,2021-10-31 01:39:40,-0.6,73.0833,82.65,76,100,19.98
100,Alice Springs,AU,2021-10-31 01:38:18,-23.7,133.8833,60.35,82,90,6.91
101,Isangel,VU,2021-10-31 01:39:41,-19.55,169.2667,84.31,65,42,9.22
102,Cruzeiro Do Sul,BR,2021-10-31 01:39:41,-29.5128,-51.9853,75.07,84,100,2.33
103,Butaritari,KI,2021-10-31 01:39:41,3.0707,172.7902,82.49,73,2,5.41
104,Nhulunbuy,AU,2021-10-31 01:35:11,-12.2333,136.7667,90.21,55,40,8.05
105,Shubarkuduk,KZ,2021-10-31 01:39:42,49.1447,56.4872,36.86,74,5,7.99
106,Nikolskoye,RU,2021-10-31 01:35:20,59.7035,30.7861,45.39,93,82,7.09
107,Hasaki,JP,2021-10-31 01:39:43,35.7333,140.8333,63.28,71,91,11.14
108,Cidreira,BR,2021-10-31 01:39:43,-30.1811,-50.2056,67.73,88,99,21.54
109,Thompson,CA,2021-10-31 01:39:43,55.7435,-97.8558,33.96,93,90,6.91
110,Chapais,CA,2021-10-31 01:39:44,49.7834,-74.8492,46.18,75,100,7.0
111,Trincomalee,LK,2021-10-31 01:39:44,8.5711,81.2335,80.85,82,100,7.9
112,Hilo,US,2021-10-31 01:39:29,19.7297,-155.09,82.13,75,1,10.36
113,Touros,BR,2021-10-31 01:39:45,-5.1989,-35.4608,79.7,76,96,14.85
114,Biak,ID,2021-10-31 01:39:45,-0.9131,122.8766,83.82,65,91,1.23
115,Broome,US,2021-10-31 01:39:46,42.2506,-75.833,53.37,80,75,1.01
116,Segezha,RU,2021-10-31 01:39:46,63.7415,34.3222,43.27,89,99,13.65
117,Lavrentiya,RU,2021-10-31 01:39:47,65.5833,-171.0,13.46,80,37,7.25
118,Winnemucca,US,2021-10-31 01:39:47,40.973,-117.7357,59.05,58,1,4.61
119,Namwala,ZM,2021-10-31 01:39:48,-15.7504,26.4384,73.6,51,14,4.81
120,Kathu,TH,2021-10-31 01:39:49,7.9178,98.3332,81.7,97,100,5.03
121,Alyangula,AU,2021-10-31 01:39:49,-13.8483,136.4192,91.27,58,40,6.91
122,Katsuura,JP,2021-10-31 01:39:49,35.1333,140.3,66.11,75,98,6.87
123,Richards Bay,ZA,2021-10-31 01:39:50,-28.783,32.0377,61.16,84,8,6.42
124,Polson,US,2021-10-31 01:39:50,47.6936,-114.1632,39.72,71,9,8.01
125,Jasper,US,2021-10-31 01:39:51,37.2001,-94.3502,50.56,76,1,0.0
126,Pevek,RU,2021-10-31 01:39:51,69.7008,170.3133,-1.7,96,100,9.86
127,Belaya Gora,RU,2021-10-31 01:39:51,68.5333,146.4167,5.43,96,99,4.25
128,Trelew,AR,2021-10-31 01:39:52,-43.249,-65.3051,46.17,66,2,13.06
129,Bunol,ES,2021-10-31 01:39:52,39.4167,-0.7833,64.17,85,100,16.11
130,East London,ZA,2021-10-31 01:39:53,-33.0153,27.9116,62.33,81,22,4.99
131,Oranjemund,NA,2021-10-31 01:39:53,-28.55,16.4333,58.78,95,17,3.22
132,Atar,MR,2021-10-31 01:39:53,20.5169,-13.0499,80.38,25,99,4.21
133,Vila Do Maio,CV,2021-10-31 01:39:54,15.1333,-23.2167,74.19,81,100,16.06
134,Geraldton,AU,2021-10-31 01:39:54,-28.7667,114.6,70.21,49,0,10.36
135,Nova Olinda Do Norte,BR,2021-10-31 01:39:55,-3.8881,-59.0942,78.62,72,45,1.5
136,Tasiilaq,GL,2021-10-31 01:39:31,65.6145,-37.6368,24.96,65,100,4.18
137,San Quintin,MX,2021-10-31 01:40:55,30.4833,-115.95,63.27,86,48,8.9
138,La Ronge,CA,2021-10-31 01:40:56,55.1001,-105.2842,34.05,64,90,11.5
139,Bluff,NZ,2021-10-31 01:40:56,-46.6,168.3333,49.51,76,100,28.23
140,Haines Junction,CA,2021-10-31 01:40:56,60.7522,-137.5108,40.95,52,100,11.5
141,Longyearbyen,SJ,2021-10-31 01:40:27,78.2186,15.6401,21.04,86,20,3.44
142,Kyren,RU,2021-10-31 01:40:57,51.6828,102.1408,37.47,54,33,1.45
143,Bergerac,FR,2021-10-31 01:40:57,44.8333,0.5,59.22,94,90,5.75
144,Sao Desiderio,BR,2021-10-31 01:40:58,-12.3633,-44.9733,80.47,50,100,3.15
145,Souillac,MU,2021-10-31 01:39:46,-20.5167,57.5167,70.36,94,40,5.75
146,Umea,SE,2021-10-31 01:40:58,63.8284,20.2597,42.73,100,90,1.14
147,Kapaa,US,2021-10-31 01:39:27,22.0752,-159.319,84.18,76,90,4.61
148,Nanortalik,GL,2021-10-31 01:40:03,60.1432,-45.2371,34.23,72,4,3.6
149,San Cristobal,VE,2021-10-31 01:40:59,7.7669,-72.225,66.38,99,100,1.74
150,Bojonegoro,ID,2021-10-31 01:40:59,-7.1502,111.8817,88.05,60,43,5.41
151,Concordia,AR,2021-10-31 01:39:48,-31.393,-58.0209,77.79,64,0,1.99
152,Limon,CR,2021-10-31 01:41:00,10.0,-83.0333,78.08,85,100,6.71
153,Biltine,TD,2021-10-31 01:41:01,14.5333,20.9167,78.64,17,12,7.52
154,Dunedin,NZ,2021-10-31 01:39:20,-45.8742,170.5036,53.46,71,100,24.05
155,Sao Filipe,CV,2021-10-31 01:41:02,14.8961,-24.4956,80.33,72,100,12.24
156,Mahebourg,MU,2021-10-31 01:39:36,-20.4081,57.7,70.25,94,40,5.75
157,Marienburg,PL,2021-10-31 01:38:32,54.0359,19.0266,49.87,75,8,12.84
158,Mpulungu,ZM,2021-10-31 01:41:03,-8.7623,31.1141,76.5,69,93,1.48
159,Port Lincoln,AU,2021-10-31 01:41:03,-34.7333,135.8667,64.87,51,0,10.67
160,Hickory,US,2021-10-31 01:36:47,35.7332,-81.3412,56.28,93,90,0.0
161,Narsaq,GL,2021-10-31 01:41:04,60.9167,-46.05,28.62,75,50,4.97
162,Tadine,NC,2021-10-31 01:41:05,-21.55,167.8833,77.43,67,2,1.12
163,Bilma,NE,2021-10-31 01:41:05,18.6853,12.9164,77.92,29,42,16.46
164,Ulaangom,MN,2021-10-31 01:41:05,49.9811,92.0667,34.72,65,100,1.97
165,Mahanoro,MG,2021-10-31 01:40:44,-19.9,48.8,69.44,92,24,4.79
166,Cosala,MX,2021-10-31 01:41:06,24.4125,-106.6908,76.12,91,0,0.98
167,Changli,CN,2021-10-31 01:41:06,39.7042,119.1506,54.18,61,51,11.95
168,Pinerolo,IT,2021-10-31 01:41:07,44.8833,7.35,51.49,90,100,1.45
169,Dzerzhinsk,RU,2021-10-31 01:41:07,56.2389,43.4631,42.62,100,18,6.71
170,Suluq,LY,2021-10-31 01:41:08,31.6682,20.2521,69.51,69,67,18.63
171,Ixtapa,MX,2021-10-31 01:41:08,20.7,-105.2,74.88,95,17,1.01
172,Whitehorse,CA,2021-10-31 01:41:09,60.7161,-135.0538,38.17,65,75,14.97
173,Boende,CD,2021-10-31 01:41:09,-0.2167,20.8667,70.75,97,100,1.7
174,Sola,VU,2021-10-31 01:41:09,-13.8833,167.55,81.1,67,10,13.24
175,Mana,GF,2021-10-31 01:41:10,5.6592,-53.7767,78.4,85,19,5.7
176,Hanover,DE,2021-10-31 01:41:10,52.3705,9.7332,55.71,83,20,1.01
177,Morro Bay,US,2021-10-31 01:41:11,35.3658,-120.8499,66.74,90,98,1.01
178,Lazaro Cardenas,MX,2021-10-31 01:41:11,17.9583,-102.2,78.84,81,7,2.28
179,Maralal,KE,2021-10-31 01:41:12,1.0968,36.698,59.31,82,69,6.06
180,Rafaela,AR,2021-10-31 01:41:12,-31.2503,-61.4867,82.98,38,4,5.01
181,Rawson,AR,2021-10-31 01:42:13,-43.3002,-65.1023,47.1,68,13,15.95
182,Ingham,US,2021-10-31 01:42:13,42.6,-84.3833,50.18,92,90,6.91
183,Bandarbeyla,SO,2021-10-31 01:42:13,9.4942,50.8122,78.21,80,98,10.16
184,Maceio,BR,2021-10-31 01:41:18,-9.6658,-35.7353,76.44,88,0,4.61
185,Makakilo City,US,2021-10-31 01:42:14,21.3469,-158.0858,82.15,59,1,10.36
186,Keffi,NG,2021-10-31 01:42:14,8.8486,7.8736,73.45,81,100,2.26
187,Severo-Kurilsk,RU,2021-10-31 01:38:58,50.6789,156.125,42.6,81,66,16.22
188,Viedma,AR,2021-10-31 01:42:12,-40.8135,-62.9967,50.85,66,100,19.91
189,Belmonte,BR,2021-10-31 01:42:15,-15.8631,-38.8828,77.5,85,93,6.08
190,Jalu,LY,2021-10-31 01:42:15,29.0331,21.5482,67.24,46,6,7.61
191,Ancud,CL,2021-10-31 01:42:16,-41.8697,-73.8203,53.13,67,0,4.47
192,Inta,RU,2021-10-31 01:40:33,66.0317,60.1659,8.44,91,96,7.36
193,Tiksi,RU,2021-10-31 01:42:16,71.6872,128.8694,11.79,77,100,12.12
194,Baruun-Urt,MN,2021-10-31 01:42:17,46.6806,113.2792,29.32,23,0,5.91
195,Poquoson,US,2021-10-31 01:40:46,37.1224,-76.3458,59.02,86,1,6.91
196,Malazgirt,TR,2021-10-31 01:42:17,39.1427,42.5401,46.54,91,100,3.83
197,Port Elizabeth,ZA,2021-10-31 01:39:59,-33.918,25.5701,59.29,94,68,2.3
198,Xinmin,CN,2021-10-31 01:42:18,41.9908,122.8253,41.25,72,100,13.0
199,Concarneau,FR,2021-10-31 01:42:18,47.875,-3.9225,58.05,85,99,25.5
200,Pussi,EE,2021-10-31 01:42:18,59.36,27.0497,42.69,92,97,9.4
201,Cervo,ES,2021-10-31 01:42:19,43.6702,-7.4101,63.19,74,58,9.89
202,Mayumba,GA,2021-10-31 01:42:19,-3.432,10.6554,76.64,92,100,5.75
203,Kikwit,CD,2021-10-31 01:42:20,-5.041,18.8162,69.6,97,100,1.97
204,Mildura,AU,2021-10-31 01:42:20,-34.2,142.15,70.07,26,0,5.75
205,Tabas,IR,2021-10-31 01:42:20,33.5959,56.9244,64.62,29,4,6.71
206,Clyde River,CA,2021-10-31 01:42:21,70.4692,-68.5914,30.47,97,100,16.02
207,Marawi,PH,2021-10-31 01:42:21,7.9986,124.2928,72.64,80,100,3.51
208,Dikson,RU,2021-10-31 01:42:22,73.5069,80.5464,6.31,90,97,15.39
209,Morwell,AU,2021-10-31 01:42:22,-38.2333,146.4,61.05,30,0,5.5
210,Ostrovnoy,RU,2021-10-31 01:42:23,68.0531,39.5131,34.52,96,100,3.15
211,San Patricio,US,2021-10-31 01:42:23,28.017,-97.5169,71.69,38,0,7.65
212,Gdov,RU,2021-10-31 01:42:23,58.7406,27.8122,44.87,92,97,12.57
213,Berlevag,NO,2021-10-31 01:39:41,70.8578,29.0864,38.34,80,100,15.35
214,Flin Flon,CA,2021-10-31 01:42:24,54.7682,-101.865,33.46,73,97,10.67
215,Adrar,MR,2021-10-31 01:42:24,20.5022,-10.0711,79.05,39,100,6.26
216,Inirida,CO,2021-10-31 01:42:25,3.8653,-67.9239,73.49,97,100,2.66
217,Cayenne,GF,2021-10-31 01:41:33,4.9333,-52.3333,82.09,79,18,3.0
218,Saint-Philippe,RE,2021-10-31 01:39:25,-21.3585,55.7679,67.59,81,29,3.06
219,Broken Hill,AU,2021-10-31 01:40:21,-31.95,141.4333,64.11,22,94,8.05
220,Esso,RU,2021-10-31 01:42:25,55.9333,158.7,28.02,85,100,4.25
221,Khatanga,RU,2021-10-31 01:42:26,71.9667,102.5,4.86,96,100,1.41
222,Mvomero,TZ,2021-10-31 01:42:26,-6.25,38.6667,76.75,93,40,1.41
223,Bharthana,IN,2021-10-31 01:42:27,26.7571,79.2248,67.01,51,0,4.99
224,Mugur-Aksy,RU,2021-10-31 01:42:27,50.35,90.5,17.71,87,97,5.14
225,Quatre Cocos,MU,2021-10-31 01:40:16,-20.2078,57.7625,70.09,80,10,5.75
226,Carutapera,BR,2021-10-31 01:42:24,-1.195,-46.02,78.24,83,43,6.51
227,Petropolis,RU,2021-10-31 01:41:30,59.8944,30.2642,45.64,88,0,6.71
228,Kungurtug,RU,2021-10-31 01:42:28,50.5994,97.5228,32.23,55,32,2.15
229,Tuatapere,NZ,2021-10-31 01:42:29,-46.1333,167.6833,48.27,76,100,16.08
230,Snihurivka,UA,2021-10-31 01:42:29,47.0758,32.8052,41.2,88,0,8.84
231,Gazojak,TM,2021-10-31 01:38:47,41.1875,61.4036,42.69,45,0,9.15
232,Laguna,US,2021-10-31 01:38:48,38.421,-121.4238,66.63,71,90,1.99
233,Tura,IN,2021-10-31 01:40:35,25.5198,90.2201,69.71,61,0,1.61
234,Faanui,PF,2021-10-31 01:43:30,-16.4833,-151.75,78.58,68,26,15.03
235,Tiznit,MA,2021-10-31 01:41:21,29.5833,-9.5,62.28,57,0,1.12
236,The Valley,AI,2021-10-31 01:42:19,18.217,-63.0578,82.26,69,5,12.71
237,Nyaunglebin,MM,2021-10-31 01:43:31,17.95,96.7333,78.15,85,100,1.57
238,Esperance,AU,2021-10-31 01:43:31,-33.8667,121.9,73.24,41,1,7.94
239,Santa Maria,BR,2021-10-31 01:42:13,-29.6842,-53.8069,74.5,78,0,11.5
240,Alugan,PH,2021-10-31 01:43:31,12.2188,125.4808,83.3,71,28,12.33
241,Markova,UA,2021-10-31 01:43:32,48.6758,24.4138,43.45,57,0,3.87
242,Lopatyn,UA,2021-10-31 01:43:32,50.2202,24.8483,43.41,74,0,8.39
243,El Alto,PE,2021-10-31 01:43:33,-4.2714,-81.2147,64.69,80,50,15.43
244,Leningradskiy,RU,2021-10-31 01:43:33,69.3833,178.4167,0.25,96,100,6.69
245,Dabakala,CI,2021-10-31 01:43:33,8.3667,-4.4333,74.23,88,75,2.98
246,Yinchuan,CN,2021-10-31 01:43:34,38.4681,106.2731,44.22,42,0,5.26
247,Kasama,ZM,2021-10-31 01:43:34,-10.2129,31.1808,68.07,66,76,3.15
248,Birin,NP,2021-10-31 01:43:35,26.8865,88.0718,57.0,75,33,1.21
249,Buala,SB,2021-10-31 01:38:54,-8.145,159.5921,85.21,70,100,9.06
250,Constitucion,CL,2021-10-31 01:43:35,-35.3333,-72.4167,55.47,82,100,10.25
251,Fortuna,US,2021-10-31 01:39:53,40.5982,-124.1573,60.42,72,1,1.01
252,Pochutla,MX,2021-10-31 01:43:36,15.7432,-96.4661,73.81,89,29,3.33
253,Codrington,AU,2021-10-31 01:43:36,-38.2667,141.9667,62.37,55,0,4.72
254,Mar Del Plata,AR,2021-10-31 01:43:36,-38.0023,-57.5575,57.09,89,75,1.99
255,Rudnaya Pristan,RU,2021-10-31 01:43:37,44.3614,135.8116,53.44,61,40,9.24
256,Namibe,AO,2021-10-31 01:43:37,-15.1961,12.1522,65.57,79,68,4.45
257,San Jeronimo,PE,2021-10-31 01:43:38,-11.9472,-75.2829,54.41,72,100,1.36
258,Poso,ID,2021-10-31 01:43:38,-1.3959,120.7524,86.07,62,95,3.22
259,Quesnel,CA,2021-10-31 01:43:38,52.9999,-122.5029,30.7,74,1,0.0
260,College,US,2021-10-31 01:43:32,64.8569,-147.8028,43.12,56,75,6.91
261,Aklavik,CA,2021-10-31 01:43:39,68.2191,-135.0107,20.12,90,88,8.41
262,Wattegama,LK,2021-10-31 01:43:39,6.7989,81.4808,72.52,88,96,2.64
263,Matamoros,MX,2021-10-31 01:43:40,25.5333,-103.25,77.11,21,0,3.8
264,Coquimbo,CL,2021-10-31 01:43:16,-29.9533,-71.3436,55.13,94,90,10.36
265,Humaita,BR,2021-10-31 01:43:40,-7.5061,-63.0208,76.53,81,5,0.81
266,Samarai,PG,2021-10-31 01:42:26,-10.6167,150.6667,84.15,75,100,13.4
267,Port Keats,AU,2021-10-31 01:43:41,-14.25,129.55,91.11,50,100,6.64
268,Bilibino,RU,2021-10-31 01:43:41,68.0546,166.4372,-5.84,97,100,2.19
269,Victoria,HK,2021-10-31 01:42:23,22.2855,114.1577,77.38,82,96,1.99
270,Shimoda,JP,2021-10-31 01:43:42,34.6667,138.95,62.96,82,100,9.42
271,Port-Cartier,CA,2021-10-31 01:39:59,50.0334,-66.8654,41.22,75,6,6.69
272,Alappuzha,IN,2021-10-31 01:43:42,9.49,76.3264,79.29,84,100,4.0
273,Caravelas,BR,2021-10-31 01:39:57,-17.7125,-39.2481,72.05,91,100,5.82
274,Podyuga,RU,2021-10-31 01:43:43,61.095,40.8647,40.01,96,96,7.25
275,Buin,CL,2021-10-31 01:43:43,-33.7333,-70.75,76.73,46,98,2.48
276,Moose Factory,CA,2021-10-31 01:43:44,51.2585,-80.6094,41.0,87,90,3.44
277,Klyuchi,RU,2021-10-31 01:43:44,52.2667,79.1667,38.23,68,100,19.08
278,Khandyga,RU,2021-10-31 01:43:45,62.6667,135.6,0.23,92,95,1.77
279,Wajir,KE,2021-10-31 01:44:45,1.7471,40.0573,78.71,66,10,12.06
280,Sabang,ID,2021-10-31 01:41:26,5.8933,95.3214,79.59,82,100,17.07
281,Praia Da Vitoria,PT,2021-10-31 01:44:46,38.7333,-27.0667,68.76,94,40,10.27
282,Salinopolis,BR,2021-10-31 01:44:46,-0.6136,-47.3561,79.0,85,49,9.62
283,Maragogi,BR,2021-10-31 01:42:31,-9.0122,-35.2225,77.0,72,20,9.82
284,Cukai,MY,2021-10-31 01:44:46,4.25,103.4167,82.35,70,96,3.51
285,Forestville,US,2021-10-31 01:39:52,38.8451,-76.875,58.68,87,90,4.61
286,Port-Gentil,GA,2021-10-31 01:44:47,-0.7193,8.7815,76.08,92,100,9.55
287,Yeppoon,AU,2021-10-31 01:44:48,-23.1333,150.7333,87.58,57,59,11.56
288,Clarksdale,US,2021-10-31 01:41:11,34.2001,-90.5709,54.91,94,40,3.44
289,Robertsport,LR,2021-10-31 01:44:49,6.7533,-11.3686,77.34,86,100,7.67
290,Hualmay,PE,2021-10-31 01:44:49,-11.0964,-77.6139,63.32,82,96,7.4
291,Olafsvik,IS,2021-10-31 01:42:26,64.8945,-23.7142,40.89,77,56,23.49
292,Syracuse,IT,2021-10-31 01:44:50,37.0881,15.2792,62.44,91,100,4.83
293,Taoudenni,ML,2021-10-31 01:44:50,22.6783,-3.9836,81.14,28,49,9.6
294,Chokurdakh,RU,2021-10-31 01:44:51,70.6333,147.9167,0.54,97,99,6.42
295,Greytown,ZA,2021-10-31 01:44:51,-29.0642,30.5928,47.75,95,5,2.35
296,Lukovetskiy,RU,2021-10-31 01:44:52,64.2956,41.9211,40.98,99,99,6.49
297,Chuy,UY,2021-10-31 01:44:52,-33.6971,-53.4616,64.24,91,1,9.48
298,Bagdarin,RU,2021-10-31 01:44:53,54.4333,113.6,24.98,60,94,1.66
299,Bathsheba,BB,2021-10-31 01:44:53,13.2167,-59.5167,81.21,74,20,14.97
300,Timmins,CA,2021-10-31 01:44:53,48.4669,-81.3331,35.42,80,20,4.61
301,Batemans Bay,AU,2021-10-31 01:44:54,-35.7167,150.1833,71.2,44,1,10.0
302,Castro,BR,2021-10-31 01:41:38,-24.7911,-50.0119,59.76,96,100,8.48
303,Goure,NE,2021-10-31 01:44:54,13.9835,10.2704,83.01,16,33,7.09
304,Imeni Poliny Osipenko,RU,2021-10-31 01:44:55,52.4201,136.4853,31.21,43,0,1.45
305,Mandalgovi,MN,2021-10-31 01:43:55,45.7625,106.2708,30.63,65,7,11.39
306,Kruisfontein,ZA,2021-10-31 01:44:55,-34.0033,24.7314,56.26,91,100,4.76
307,Aleksandrovsk-Sakhalinskiy,RU,2021-10-31 01:44:56,50.8975,142.1561,33.44,55,81,10.96
308,Vila Velha,BR,2021-10-31 01:43:53,-20.3297,-40.2925,71.55,94,75,3.44
309,Sitka,US,2021-10-31 01:44:56,57.0531,-135.33,46.29,66,75,10.36
310,Volkhov,RU,2021-10-31 01:44:57,59.9258,32.3382,38.79,94,73,7.96
311,Ayan,RU,2021-10-31 01:44:57,56.45,138.1667,24.55,45,1,15.75
312,Salalah,OM,2021-10-31 01:44:57,17.0151,54.0924,78.89,53,0,6.91
313,Luderitz,NA,2021-10-31 01:44:58,-26.6481,15.1594,56.97,96,20,2.51
314,Detmarovice,CZ,2021-10-31 01:44:58,49.8941,18.4608,52.21,67,7,6.22
315,North Bend,US,2021-10-31 01:44:59,43.4065,-124.2243,56.16,97,75,0.0
316,Joao Pinheiro,BR,2021-10-31 01:44:59,-17.7425,-46.1725,70.34,81,100,5.53
317,Lagoa,PT,2021-10-31 01:45:00,39.05,-27.9833,69.67,86,100,15.82
318,Kenai,US,2021-10-31 01:45:00,60.5544,-151.2583,44.15,82,90,18.41
319,Mount Gambier,AU,2021-10-31 01:41:01,-37.8333,140.7667,58.91,58,75,12.66
320,Grants Pass,US,2021-10-31 01:45:01,42.439,-123.3284,59.59,86,90,0.0
321,Okhotsk,RU,2021-10-31 01:43:53,59.3833,143.3,15.48,66,95,23.82
322,Asau,RO,2021-10-31 01:45:01,46.4333,26.4,36.52,82,0,1.86
323,Oktyabrskoye,RU,2021-10-31 01:45:02,43.0645,44.7417,30.34,100,0,8.95
324,Tautira,PF,2021-10-31 01:40:46,-17.7333,-149.15,84.22,72,56,17.02
325,Los Llanos De Aridane,ES,2021-10-31 01:46:03,28.6585,-17.9182,64.13,70,0,1.99
326,Axim,GH,2021-10-31 01:46:04,4.8699,-2.2405,78.69,86,100,8.05
327,Camapua,BR,2021-10-31 01:46:04,-19.5314,-54.0439,71.96,85,100,4.83
328,Auki,SB,2021-10-31 01:46:04,-8.7676,160.7034,86.81,62,29,3.58
329,Hailar,CN,2021-10-31 01:46:05,49.2,119.7,32.13,26,4,3.62
330,Blagoyevo,RU,2021-10-31 01:46:05,63.3667,47.9167,35.87,99,100,6.85
331,Manta,EC,2021-10-31 01:46:06,-0.95,-80.7333,73.18,83,75,8.05
332,Machali,CL,2021-10-31 01:46:06,-34.1833,-70.6667,67.19,40,100,0.87
333,Vestmannaeyjar,IS,2021-10-31 01:46:07,63.4427,-20.2734,43.59,76,99,7.56
334,Port Moresby,PG,2021-10-31 01:46:07,-9.4431,147.1797,90.82,58,40,11.5
335,Buraydah,SA,2021-10-31 01:46:08,26.326,43.975,68.45,40,2,8.75
336,Iquitos,PE,2021-10-31 01:43:07,-3.7481,-73.2472,78.84,83,20,1.14
337,Vanimo,PG,2021-10-31 01:46:08,-2.6741,141.3028,85.73,70,97,6.69
338,Chamba,IN,2021-10-31 01:46:09,32.5667,76.1333,56.07,36,0,8.63
339,Redford,US,2021-10-31 01:46:10,42.3834,-83.2966,50.99,92,90,1.01
340,Mayo,US,2021-10-31 01:46:11,38.8876,-76.5119,59.58,89,100,1.99
341,Yumen,CN,2021-10-31 01:41:28,40.2833,97.2,41.76,39,100,6.96
342,General Roca,AR,2021-10-31 01:46:11,-39.0333,-67.5833,61.2,32,98,18.86
343,Conceicao Da Barra,BR,2021-10-31 01:46:12,-18.5933,-39.7322,72.14,91,98,5.19
344,Champerico,GT,2021-10-31 01:46:12,14.3,-91.9167,82.35,78,100,4.18
345,Rio Grande,BR,2021-10-31 01:44:44,-32.035,-52.0986,69.94,86,20,18.23
346,Paramonga,PE,2021-10-31 01:46:13,-10.6667,-77.8333,63.37,84,80,6.44
347,Malim,PH,2021-10-31 01:46:13,7.452,123.4312,82.63,74,100,7.34
348,Sao Felix Do Xingu,BR,2021-10-31 01:42:00,-6.6447,-51.995,77.2,66,23,0.72
349,Morehead,US,2021-10-31 01:46:14,37.2711,-87.1764,54.14,92,90,4.0
350,Dingle,PH,2021-10-31 01:46:14,10.9995,122.6711,82.63,78,81,15.41
351,Linxia,CN,2021-10-31 01:46:15,35.6003,103.2064,43.66,64,69,1.59
352,Mariahu,IN,2021-10-31 01:46:15,25.6167,82.6167,66.16,58,1,4.03
353,Bethel,US,2021-10-31 01:46:15,41.3712,-73.414,57.67,93,75,0.0
354,Vila Franca Do Campo,PT,2021-10-31 01:46:16,37.7167,-25.4333,74.19,94,100,14.27
355,Along,IN,2021-10-31 01:46:16,28.1667,94.7667,67.48,60,9,1.25
356,Halifax,CA,2021-10-31 01:45:33,44.6453,-63.5724,53.1,94,100,1.01
357,Snasa,NO,2021-10-31 01:46:17,64.2457,12.3778,43.93,85,100,7.11
358,Mananjary,MG,2021-10-31 01:46:17,-21.2167,48.3333,70.14,91,77,3.27
359,Sungaipenuh,ID,2021-10-31 01:45:18,-2.0833,101.3833,73.15,84,80,0.96
360,Benjamin Constant,BR,2021-10-31 01:46:18,-4.3831,-70.0311,77.13,94,0,1.14
361,Pisco,PE,2021-10-31 01:46:18,-13.7,-76.2167,62.65,88,75,11.5
362,Camopi,GF,2021-10-31 01:46:19,3.1655,-52.3158,72.95,99,100,1.79
363,Labuhan,ID,2021-10-31 01:46:19,-6.8844,112.2051,86.45,66,21,4.83
364,Sakakah,SA,2021-10-31 01:42:24,29.9697,40.2064,71.17,35,100,6.69
365,Mehamn,NO,2021-10-31 01:46:20,71.0357,27.8492,37.47,82,100,16.13
366,Vostok,RU,2021-10-31 01:46:20,46.4856,135.8833,44.13,61,93,3.13
367,Xining,CN,2021-10-31 01:46:21,36.6167,101.7667,37.35,59,29,0.49
368,Villarrica,PY,2021-10-31 01:46:21,-25.75,-56.4333,68.47,97,43,1.03
369,Kudahuvadhoo,MV,2021-10-31 01:46:21,2.6708,72.8944,83.14,71,65,17.76
370,Verkhnevilyuysk,RU,2021-10-31 01:47:22,63.4453,120.3167,24.39,94,100,8.59
371,Warri,NG,2021-10-31 01:47:22,5.5167,5.75,76.64,94,96,3.04
372,Rancho Palos Verdes,US,2021-10-31 01:47:22,33.7445,-118.387,69.51,89,100,1.99
373,Siavonga,ZM,2021-10-31 01:47:23,-16.5382,28.7088,78.73,51,26,4.27
374,La Plaine,DM,2021-10-31 01:47:23,15.3333,-61.25,78.22,75,17,9.84
375,Mount Isa,AU,2021-10-31 01:47:24,-20.7333,139.5,91.17,18,12,19.57
376,Vinkovci,HR,2021-10-31 01:47:24,45.2883,18.8047,43.9,93,0,3.44
377,Margate,GB,2021-10-31 01:47:25,51.3813,1.3862,55.11,85,100,1.99
378,Bambous Virieux,MU,2021-10-31 01:47:25,-20.3428,57.7575,70.21,94,40,5.75
379,Mahibadhoo,MV,2021-10-31 01:47:25,3.7833,72.9667,83.34,67,93,16.35
380,Urucara,BR,2021-10-31 01:47:26,-2.5364,-57.76,78.13,77,86,2.53
381,Yarada,IN,2021-10-31 01:47:26,17.65,83.2667,80.92,94,40,2.3
382,Ellensburg,US,2021-10-31 01:46:08,46.9965,-120.5479,47.17,48,1,1.99
383,Utinga,BR,2021-10-31 01:47:27,-5.8172,-35.3954,79.65,73,0,5.75
384,Concepcion Del Oro,MX,2021-10-31 01:47:28,24.6333,-101.4167,62.8,25,0,5.01
385,Mount Darwin,ZW,2021-10-31 01:47:29,-16.7725,31.5838,70.45,42,50,2.55
386,Kununurra,AU,2021-10-31 01:47:29,-15.7667,128.7333,91.38,49,40,12.66
387,Asosa,ET,2021-10-31 01:47:29,10.0667,34.5333,63.84,69,99,4.36
388,Smithers,CA,2021-10-31 01:44:06,54.7804,-127.1743,32.32,80,1,2.3
389,Pimenteiras,BR,2021-10-31 01:47:30,-6.2453,-41.4192,82.18,49,95,1.63
390,Vadinsk,RU,2021-10-31 01:47:30,53.6916,43.0574,41.85,94,32,8.41
391,Osijek,HR,2021-10-31 01:47:31,45.5511,18.6939,40.44,93,0,3.44
392,Adur,IN,2021-10-31 01:47:31,9.1667,76.7333,76.06,93,100,1.25
393,Kurilsk,RU,2021-10-31 01:47:32,45.2333,147.8833,50.14,67,89,6.49
394,Beringovskiy,RU,2021-10-31 01:47:32,63.05,179.3167,9.95,95,100,20.07
395,Shirokiy,RU,2021-10-31 01:47:32,49.758,129.523,35.29,26,0,9.66
396,Kutum,SD,2021-10-31 01:47:33,14.2,24.6667,72.03,24,78,7.61
397,Manggar,ID,2021-10-31 01:47:33,-2.8833,108.2667,86.74,64,61,6.33
398,Lompoc,US,2021-10-31 01:47:34,34.6391,-120.4579,61.11,90,90,6.91
399,Bonavista,CA,2021-10-31 01:47:34,48.6499,-53.1147,39.2,60,0,2.53
400,Canchungo,GW,2021-10-31 01:47:35,12.0672,-16.0333,77.07,87,99,2.66
401,Redencao,BR,2021-10-31 01:47:35,-4.2258,-38.7306,79.79,89,84,3.78
402,Bud,US,2021-10-31 01:47:35,39.447,-86.1758,53.69,93,100,5.99
403,Yar-Sale,RU,2021-10-31 01:47:36,66.8333,70.8333,5.54,89,20,15.21
404,De Aar,ZA,2021-10-31 01:47:36,-30.6497,24.0123,60.17,50,13,6.51
405,Listvyanskiy,RU,2021-10-31 01:47:36,54.4399,83.4984,32.76,97,100,14.67
406,Hobyo,SO,2021-10-31 01:47:37,5.3505,48.5268,78.89,71,74,12.3
407,Puro,PH,2021-10-31 01:47:37,12.4841,123.3827,83.71,66,11,15.5
408,Rincon De La Victoria,ES,2021-10-31 01:47:38,36.7172,-4.2758,71.67,77,57,5.95
409,George,ZA,2021-10-31 01:47:38,-33.963,22.4617,56.75,100,90,3.44
410,Tabou,CI,2021-10-31 01:47:38,4.423,-7.3528,75.87,91,89,4.92
411,Ballina,AU,2021-10-31 01:47:39,-28.8667,153.5667,68.18,70,90,17.27
412,Sorland,NO,2021-10-31 01:47:39,67.667,12.6934,46.47,91,97,16.28
413,Meulaboh,ID,2021-10-31 01:47:40,4.1363,96.1285,79.29,83,81,9.8
414,Ozernovskiy,RU,2021-10-31 01:47:40,51.5,156.5167,41.23,90,95,18.92
415,Port Hedland,AU,2021-10-31 01:48:40,-20.3167,118.5667,82.45,54,0,12.66
416,Mozarlandia,BR,2021-10-31 01:48:41,-14.7447,-50.5706,76.35,77,97,9.44
417,Chernyshevskiy,RU,2021-10-31 01:48:41,63.0128,112.4714,31.05,82,100,15.35
418,Flinders,AU,2021-10-31 01:48:42,-34.5833,150.8552,72.18,58,4,4.0
419,Uruzgan,AF,2021-10-31 01:48:42,32.8333,66.0,47.41,18,0,8.01
420,Sumenep,ID,2021-10-31 01:48:42,-7.0167,113.8667,86.38,66,78,9.04
421,Puerto Escondido,MX,2021-10-31 01:48:43,15.85,-97.0667,79.92,81,22,2.19
422,Puerto Ayacucho,VE,2021-10-31 01:48:43,5.6639,-67.6236,76.91,89,97,2.42
423,Klaksvik,FO,2021-10-31 01:48:43,62.2266,-6.589,41.92,91,100,10.09
424,Madimba,TZ,2021-10-31 01:48:44,-10.4,40.3333,75.42,85,2,6.73
425,Ornskoldsvik,SE,2021-10-31 01:48:44,63.2909,18.7153,41.95,100,90,2.3
426,Dvinskoy,RU,2021-10-31 01:48:45,62.1535,45.1175,41.22,94,100,7.23
427,Victor Harbor,AU,2021-10-31 01:48:45,-35.5667,138.6167,72.19,55,0,1.01
428,Ponta Do Sol,PT,2021-10-31 01:48:45,32.6667,-17.1,71.71,74,58,6.38
429,Huarmey,PE,2021-10-31 01:48:46,-10.0681,-78.1522,63.55,85,58,6.11
430,Kastamonu,TR,2021-10-31 01:44:22,41.5,33.6667,38.77,83,1,0.85
431,Talgar,KZ,2021-10-31 01:48:46,43.3027,77.2395,33.96,93,90,0.0
432,Netarhat,IN,2021-10-31 01:48:47,23.4833,84.2667,60.46,62,13,1.05
433,Vao,NC,2021-10-31 01:48:47,-22.6667,167.4833,71.91,71,63,3.94
434,Lufilufi,WS,2021-10-31 01:48:47,-13.8745,-171.5986,82.18,75,100,17.6
435,Vardo,NO,2021-10-31 01:48:48,70.3705,31.1107,39.31,78,98,12.06
436,Gataivai,WS,2021-10-31 01:48:48,-13.7736,-172.388,82.22,78,100,15.86
437,Brenham,US,2021-10-31 01:48:48,30.1669,-96.3977,61.56,67,1,0.0
438,Qarchi Gak,AF,2021-10-31 01:48:49,37.04,66.7889,44.69,39,100,9.6
439,Ketchikan,US,2021-10-31 01:48:49,55.3422,-131.6461,41.09,88,65,4.88
440,Idritsa,RU,2021-10-31 01:48:50,56.3316,28.8988,44.06,85,23,8.86
441,Naze,JP,2021-10-31 01:48:50,28.3667,129.4833,76.12,63,1,6.89
442,Emirdag,TR,2021-10-31 01:48:50,39.0197,31.15,46.15,72,59,1.52
443,Chickasha,US,2021-10-31 01:48:51,35.0526,-97.9364,61.29,54,1,4.61
444,Srinivaspur,IN,2021-10-31 01:48:52,13.3333,78.2167,69.01,91,100,2.95
445,Guerrero Negro,MX,2021-10-31 01:48:52,27.9769,-114.0611,66.49,82,0,11.81
446,Antofagasta,CL,2021-10-31 01:48:52,-23.65,-70.4,60.08,74,28,1.77
447,Deputatskiy,RU,2021-10-31 01:48:53,69.3,139.9,-6.45,96,97,4.56
448,Kalach-Na-Donu,RU,2021-10-31 01:48:53,48.691,43.5264,33.12,75,0,1.14
449,Almeirim,BR,2021-10-31 01:48:53,-1.5233,-52.5817,76.41,77,11,2.95
450,Forbes,AU,2021-10-31 01:48:54,-33.3833,148.0167,75.92,16,0,7.61
451,Baddomalhi,PK,2021-10-31 01:48:54,31.9928,74.6683,64.26,47,0,0.4
452,Iberia,US,2021-10-31 01:48:55,29.9502,-91.7507,59.05,88,1,0.0
453,Tinskoy,RU,2021-10-31 01:48:55,56.1525,96.9161,30.65,72,100,4.52
454,Petropavlovsk-Kamchatskiy,RU,2021-10-31 01:46:51,53.0452,158.6483,43.39,57,75,4.47
455,Inongo,CD,2021-10-31 01:48:56,-1.95,18.2667,71.26,90,91,2.57
456,Betioky,MG,2021-10-31 01:48:56,-23.7167,44.3833,68.85,63,99,3.4
457,Henderson,US,2021-10-31 01:45:34,36.0397,-114.9819,80.04,25,1,10.36
458,Zeya,RU,2021-10-31 01:48:57,53.75,127.2667,28.69,37,8,2.39
459,Nikki,BJ,2021-10-31 01:48:57,9.9401,3.2108,73.58,46,72,4.05
460,Baherden,TM,2021-10-31 01:48:58,38.4362,57.4316,52.99,44,17,5.06
461,Sur,OM,2021-10-31 01:48:59,22.5667,59.5289,79.66,69,5,10.8
462,Bairiki,KI,2021-10-31 01:48:59,1.3292,172.9752,87.8,66,20,8.05
463,Burnie,AU,2021-10-31 01:50:00,-41.0667,145.9167,60.94,59,100,13.22
464,Libreville,GA,2021-10-31 01:49:55,0.3925,9.4537,75.22,100,75,5.75
465,Kitimat,CA,2021-10-31 01:50:00,54.0524,-128.6534,41.38,57,87,4.88
466,Luba,GQ,2021-10-31 01:50:01,3.4568,8.5547,73.29,83,100,0.81
467,Pitiquito,MX,2021-10-31 01:50:02,30.7,-112.0833,71.38,27,0,6.53
468,Lakes Entrance,AU,2021-10-31 01:50:02,-37.8811,147.981,67.15,47,1,6.62
469,Noumea,NC,2021-10-31 01:47:00,-22.2763,166.4572,84.18,70,3,7.38
470,Walvis Bay,NA,2021-10-31 01:50:03,-22.9575,14.5053,56.35,94,0,1.14
471,Mimongo,GA,2021-10-31 01:50:04,-1.6195,11.6068,69.75,99,100,3.0
472,Kropotkin,RU,2021-10-31 01:50:05,45.4375,40.5756,44.46,79,0,14.7
473,Sokoni,TZ,2021-10-31 01:50:05,-6.4333,39.55,77.29,78,12,9.89
474,Cabedelo,BR,2021-10-31 01:50:06,-6.9811,-34.8339,79.47,73,11,13.42
475,Kailua,US,2021-10-31 01:49:03,21.4022,-157.7394,83.61,71,28,6.8
476,Lukaya,UG,2021-10-31 01:50:07,-0.1489,31.8748,62.44,95,98,2.8
477,Anqing,CN,2021-10-31 01:50:07,30.5092,117.0506,69.82,43,72,7.58
478,Santa Ines,BR,2021-10-31 01:47:50,-3.6667,-45.38,76.17,87,98,4.94
479,Nabire,ID,2021-10-31 01:50:07,-3.3667,135.4833,86.81,65,28,5.06
480,Ilo,PE,2021-10-31 01:50:08,-17.6394,-71.3375,63.55,85,39,3.56
481,Maniitsoq,GL,2021-10-31 01:50:08,65.4167,-52.9,35.76,94,100,20.36
482,Jieshi,CN,2021-10-31 01:50:09,22.8134,115.8257,74.95,71,66,18.14
483,Batsfjord,NO,2021-10-31 01:50:09,70.6345,29.7185,37.54,84,100,11.41
484,Tacuati,PY,2021-10-31 01:50:09,-23.45,-56.5833,69.98,93,75,3.0
485,Shangrao,CN,2021-10-31 01:50:10,28.4532,117.9686,67.57,59,55,7.49
486,Funtua,NG,2021-10-31 01:50:10,11.5233,7.3081,73.0,25,86,7.11
487,Dromolaxia,CY,2021-10-31 01:50:10,34.8761,33.586,64.65,82,20,4.61
488,Fort Saint James,CA,2021-10-31 01:50:11,54.4333,-124.25,28.99,68,25,1.52
489,Zamora,EC,2021-10-31 01:50:11,-4.0692,-78.9567,66.27,98,14,3.53
490,Harper,LR,2021-10-31 01:50:12,4.375,-7.7169,76.68,88,62,4.94
491,Bridlington,GB,2021-10-31 01:50:12,54.0831,-0.1919,45.9,88,18,15.46
492,Waingapu,ID,2021-10-31 01:50:13,-9.6567,120.2641,85.68,66,100,6.33
493,Lucapa,AO,2021-10-31 01:50:13,-8.4192,20.7447,65.26,98,100,2.95
494,Faya,SA,2021-10-31 01:50:14,18.3851,42.4509,55.51,59,0,6.2
495,Griffith,US,2021-10-31 01:50:14,41.5284,-87.4237,52.92,99,1,3.44
496,Toropets,RU,2021-10-31 01:50:14,56.4978,31.6353,42.8,85,42,8.55
497,Naifaru,MV,2021-10-31 01:50:15,5.4444,73.3657,81.55,73,69,10.36
498,Purpe,RU,2021-10-31 01:50:15,64.4803,76.6897,12.18,93,100,15.26
499,Longyan,CN,2021-10-31 01:50:16,25.1072,117.0225,69.31,78,99,2.73
500,Sao Joao Da Barra,BR,2021-10-31 01:50:16,-21.6403,-41.0511,71.06,91,100,8.77
501,Santo Antonio Do Ica,BR,2021-10-31 01:50:16,-3.1022,-67.9397,75.22,93,61,0.65
502,Hofn,IS,2021-10-31 01:50:17,64.2539,-15.2082,43.12,65,100,16.37
503,Saldanha,ZA,2021-10-31 01:50:17,-33.0117,17.9442,59.05,88,87,6.78
504,Safford,US,2021-10-31 01:50:17,32.834,-109.7076,72.52,20,1,8.05
505,Makhachkala,RU,2021-10-31 01:50:18,42.9764,47.5024,51.78,84,66,13.04
506,Ayagoz,KZ,2021-10-31 01:50:18,47.9714,80.4392,38.41,87,99,14.34
507,Chifeng,CN,2021-10-31 01:50:19,42.2683,118.9636,36.81,70,100,8.63
508,Mukhen,RU,2021-10-31 01:50:19,48.1,136.1,39.45,71,93,4.68
509,Greymouth,NZ,2021-10-31 01:50:19,-42.4667,171.2,53.64,89,100,13.91
510,Liepaja,LV,2021-10-31 01:51:20,56.5419,21.0367,50.05,76,75,8.05
511,Whitecourt,CA,2021-10-31 01:50:01,54.1502,-115.6855,31.24,51,1,5.75
512,Lamas,PE,2021-10-31 01:51:21,-6.4167,-76.5333,72.07,85,41,3.29
513,Kabare,CD,2021-10-31 01:51:21,-2.4683,28.8242,60.71,91,100,2.82
514,Kushima,JP,2021-10-31 01:51:21,31.4583,131.2333,68.04,70,52,9.98
515,Aksu,CN,2021-10-31 01:51:22,41.1231,80.2644,44.26,55,74,1.99
516,Puerto Cabello,VE,2021-10-31 01:51:22,10.4731,-68.0125,80.06,80,100,6.11
517,Awbari,LY,2021-10-31 01:51:23,26.5921,12.7805,66.25,33,1,3.96
518,Sidi Ali,DZ,2021-10-31 01:51:23,36.0998,0.4206,65.43,64,40,12.48
519,Awjilah,LY,2021-10-31 01:51:24,29.1081,21.2869,67.64,45,30,8.3
520,Zhigansk,RU,2021-10-31 01:51:24,66.7697,123.3711,6.22,88,100,26.33
521,Guanica,PR,2021-10-31 01:51:24,17.9716,-66.908,78.91,83,1,1.99
522,Port Hardy,CA,2021-10-31 01:51:25,50.6996,-127.4199,46.4,93,20,4.61
523,Andenes,NO,2021-10-31 01:51:25,69.3143,16.1194,42.78,93,100,14.97
524,Amalapuram,IN,2021-10-31 01:51:26,16.5833,82.0167,80.98,88,100,4.54
525,Taman,RU,2021-10-31 01:51:26,45.2117,36.7161,43.12,78,0,20.47
526,Namatanai,PG,2021-10-31 01:51:26,-3.6667,152.4333,83.55,75,100,8.32
527,Mayna,RU,2021-10-31 01:51:28,54.1135,47.6231,41.36,96,48,8.1
528,Semey,KZ,2021-10-31 01:51:28,50.4111,80.2275,35.82,69,90,13.42
529,Madison,US,2021-10-31 01:50:07,34.7334,-86.5667,54.32,93,90,3.0
530,Chibombo,ZM,2021-10-31 01:51:29,-14.6569,28.0706,69.3,47,86,2.71
531,Mamallapuram,IN,2021-10-31 01:51:29,12.6264,80.1722,78.85,81,100,9.64
532,Bumba,CD,2021-10-31 01:51:29,2.1833,22.4667,68.67,91,77,1.32
533,Tete,MZ,2021-10-31 01:51:30,-16.1564,33.5867,75.56,42,0,6.49
534,Chanika,TZ,2021-10-31 01:51:30,-5.4167,38.0167,69.22,88,100,3.33
535,Praya,CV,2021-10-31 01:51:31,14.9215,-23.5087,73.94,100,75,14.97
536,Tighina,MD,2021-10-31 01:51:31,46.8306,29.4711,38.28,93,19,5.17
537,Chum Phae,TH,2021-10-31 01:51:31,16.5443,102.0992,77.29,82,99,3.85
538,Cliza,BO,2021-10-31 01:51:32,-17.6,-65.9333,60.69,69,24,3.06
539,Mogadishu,SO,2021-10-31 01:51:32,2.0371,45.3438,78.57,82,55,13.87
540,Vrangel,RU,2021-10-31 01:51:33,42.7297,133.0839,56.44,72,8,1.63
541,Peleduy,RU,2021-10-31 01:51:33,59.6289,112.7406,34.32,97,100,10.74
542,Sembe,CG,2021-10-31 01:51:34,1.6481,14.5806,69.73,98,22,0.92
543,Road Town,VG,2021-10-31 01:51:34,18.4167,-64.6167,80.01,71,4,11.56
544,Prince Rupert,CA,2021-10-31 01:51:34,54.3161,-130.3201,46.09,76,100,3.44
545,Lasa,IT,2021-10-31 01:51:35,46.6166,10.7002,47.28,91,100,1.79
546,Jacksonville Beach,US,2021-10-31 01:51:35,30.2947,-81.3931,61.0,77,1,3.44
547,Turukhansk,RU,2021-10-31 01:51:35,65.8167,87.9833,10.15,97,99,4.32
548,Bonthe,SL,2021-10-31 01:51:36,7.5264,-12.505,74.57,92,89,5.03
549,Coari,BR,2021-10-31 01:49:10,-4.085,-63.1414,77.88,77,21,1.21
550,Steamboat Springs,US,2021-10-31 01:51:36,40.485,-106.8317,47.07,65,1,4.61
551,Igunga,TZ,2021-10-31 01:49:37,-4.2833,33.8833,74.73,56,58,8.77
552,Sabha,LY,2021-10-31 01:51:37,27.0377,14.4283,67.1,31,2,5.53
553,Am Timan,TD,2021-10-31 01:51:37,11.0297,20.2827,76.3,37,68,4.23
554,Dubbo,AU,2021-10-31 01:48:39,-32.25,148.6167,68.13,40,0,9.22
555,Mezhdurechensk,RU,2021-10-31 01:52:38,53.6942,88.0603,33.28,86,99,3.56
556,Bara,NG,2021-10-31 01:52:38,10.3744,10.7288,75.2,37,99,1.74
557,Davidson,US,2021-10-31 01:52:39,36.1501,-86.7833,55.36,83,90,1.99
558,Cranbrook,CA,2021-10-31 01:52:39,49.4999,-115.7688,33.64,47,1,3.44
559,Yarmouth,US,2021-10-31 01:52:40,41.7057,-70.2286,64.04,97,90,5.99
560,Hambantota,LK,2021-10-31 01:52:40,6.1241,81.1185,73.74,100,40,3.44
561,Basoko,CD,2021-10-31 01:52:40,1.2391,23.616,69.21,96,96,1.83
562,Bardiyah,LY,2021-10-31 01:52:41,31.7561,25.0865,69.28,62,9,8.7
563,Prieska,ZA,2021-10-31 01:52:41,-29.6641,22.7474,66.52,35,0,4.34
564,Nanlong,CN,2021-10-31 01:52:42,31.3533,106.0631,62.71,75,99,1.79
565,Aguililla,MX,2021-10-31 01:52:42,18.7333,-102.7333,65.61,96,2,5.03
566,Yerbogachen,RU,2021-10-31 01:52:42,61.2767,108.0108,19.94,65,97,12.82
567,Mattawa,US,2021-10-31 01:51:02,46.7379,-119.9028,49.95,43,0,25.01
568,Chaohu,CN,2021-10-31 01:52:43,31.6,117.8667,66.31,49,40,6.85
569,Karoi,ZW,2021-10-31 01:52:43,-16.8099,29.6925,70.72,43,53,4.0
570,Akhmim,EG,2021-10-31 01:52:44,26.5622,31.745,73.6,33,100,8.97
571,Pacific Grove,US,2021-10-31 01:52:44,36.6177,-121.9166,61.81,90,90,1.01
572,Kushiro,JP,2021-10-31 01:52:44,42.975,144.3747,52.75,76,75,3.44
573,Tazovskiy,RU,2021-10-31 01:52:45,67.4667,78.7,6.17,93,100,15.1
574,Camana,PE,2021-10-31 01:52:45,-16.6228,-72.7111,65.77,83,89,4.74
575,Ponta Delgada,PT,2021-10-31 01:52:45,37.7333,-25.6667,74.5,94,75,14.97
576,Chandigarh,IN,2021-10-31 01:48:09,30.7343,76.7933,62.49,39,0,3.04
577,Bereda,ES,2021-10-31 01:52:46,43.2686,-7.5406,61.0,91,95,8.37
578,Tessalit,ML,2021-10-31 01:52:46,20.1986,1.0114,80.51,15,84,8.08
579,Kuopio,FI,2021-10-31 01:52:47,62.8924,27.677,44.55,81,90,5.75
580,Ipira,BR,2021-10-31 01:52:47,-12.1583,-39.7372,71.37,83,5,10.27
581,Severodvinsk,RU,2021-10-31 01:52:47,64.5635,39.8302,41.11,95,100,9.62
582,Pangnirtung,CA,2021-10-31 01:52:48,66.1451,-65.7125,31.28,98,100,10.33
583,Mariana,BR,2021-10-31 01:49:42,-20.3778,-43.4161,64.72,97,100,3.04
584,Byron Bay,AU,2021-10-31 01:49:59,-28.65,153.6167,68.11,77,100,16.91
585,San Francisco,US,2021-10-31 01:47:57,37.7749,-122.4194,62.15,87,75,1.99
586,Butler,US,2021-10-31 01:52:49,39.4501,-84.5666,53.49,89,90,1.01
587,Boca Do Acre,BR,2021-10-31 01:52:49,-8.7522,-67.3978,78.3,68,61,2.57
588,Bowen,AU,2021-10-31 01:52:50,-20.0167,148.2333,89.82,63,11,10.49
589,Douglas,US,2021-10-31 01:52:50,41.3,-96.167,56.5,70,1,3.0
590,Synya,RU,2021-10-31 01:52:50,65.3718,58.0387,12.15,89,100,2.89
591,Salekhard,RU,2021-10-31 01:52:51,66.53,66.6019,-7.26,92,7,2.3
592,Penzance,GB,2021-10-31 01:52:51,50.1186,-5.5371,56.41,93,100,33.4
593,Karabash,RU,2021-10-31 01:52:51,55.4808,60.2157,37.38,83,100,9.1
594,Pasni,PK,2021-10-31 01:52:52,25.2631,63.471,78.78,36,5,12.37
595,Sotouboua,TG,2021-10-31 01:52:52,8.5667,0.9833,74.5,73,100,1.83
596,Waterloo,CA,2021-10-31 01:52:53,43.4668,-80.5164,47.71,99,90,3.0
597,Puerto Penasco,MX,2021-10-31 01:52:53,31.3167,-113.5333,74.91,78,0,1.01
598,Usak,TR,2021-10-31 01:52:53,38.5,29.4167,51.17,63,100,3.15
599,Bondo,CD,2021-10-31 01:52:54,3.8146,23.6866,68.65,99,80,1.3
600,Jawa,JO,2021-10-31 01:52:54,31.8525,35.9393,61.11,67,96,0.0
601,Cartagena,CO,2021-10-31 01:49:27,10.3997,-75.5144,80.22,83,75,2.3
602,Kishanganj,IN,2021-10-31 01:52:55,26.1167,87.9333,70.59,72,0,3.06
603,Komsomolskiy,UZ,2021-10-31 01:52:55,40.4272,71.7189,44.02,61,100,4.61
604,Tilichiki,RU,2021-10-31 01:53:55,60.4667,166.1,6.15,88,10,9.91
605,Kwinana,AU,2021-10-31 01:53:56,-32.25,115.7667,70.81,62,100,5.86
606,Assiniboia,CA,2021-10-31 01:53:56,49.6334,-105.9845,31.91,69,0,11.5
607,Whitehaven,GB,2021-10-31 01:53:57,54.549,-3.5841,48.65,87,95,5.99
608,Belyy Yar,RU,2021-10-31 01:53:58,53.6039,91.3903,35.85,65,0,13.42
609,Vung Tau,VN,2021-10-31 01:53:58,10.346,107.0843,83.48,74,69,16.91
610,Cartagena Del Chaira,CO,2021-10-31 01:53:58,1.3349,-74.8429,72.52,97,100,1.81
611,Mezen,RU,2021-10-31 01:53:59,65.8522,44.24,33.24,99,100,5.79
612,Nouadhibou,MR,2021-10-31 01:53:59,20.931,-17.0347,67.98,83,57,11.5
613,Saint-Pierre,RE,2021-10-31 01:54:00,-21.3393,55.4781,67.68,75,0,5.75
614,Saint-Joseph,RE,2021-10-31 01:54:00,-21.3667,55.6167,66.58,80,12,3.0
615,Shakawe,BW,2021-10-31 01:54:00,-18.3667,21.85,76.14,46,5,4.97
616,Sedan,FR,2021-10-31 01:54:01,49.6667,5.0,52.77,98,97,5.48
617,Ahipara,NZ,2021-10-31 01:54:01,-35.1667,173.1667,62.56,71,97,6.4
618,Atambua,ID,2021-10-31 01:54:02,-9.1061,124.8925,86.59,56,51,3.89
619,Necochea,AR,2021-10-31 01:54:02,-38.5473,-58.7368,54.03,80,88,14.43
620,Te Anau,NZ,2021-10-31 01:54:02,-45.4167,167.7167,51.06,78,93,6.67
621,Maguling,PH,2021-10-31 01:54:03,6.095,124.4033,86.34,68,100,3.74
622,Purranque,CL,2021-10-31 01:54:03,-40.9167,-73.1667,54.73,84,14,3.8
623,Nantucket,US,2021-10-31 01:54:03,41.2835,-70.0995,64.04,94,90,12.66
624,Paita,PE,2021-10-31 01:54:04,-5.0892,-81.1144,65.41,81,20,12.93
625,Sterling,US,2021-10-31 01:53:05,39.0062,-77.4286,57.92,92,90,3.0
626,Talnakh,RU,2021-10-31 01:54:04,69.4865,88.3972,11.16,96,100,4.85
627,Kainantu,PG,2021-10-31 01:54:05,-6.2887,145.8655,79.09,42,36,7.16
628,Afyonkarahisar,TR,2021-10-31 01:54:05,38.75,30.6667,46.0,79,66,2.39
629,Eldorado,BR,2021-10-31 01:54:06,-23.7869,-54.2836,69.08,89,100,4.99
630,Batagay,RU,2021-10-31 01:54:06,67.6333,134.6333,-0.96,95,68,3.96
631,San Jose,US,2021-10-31 01:49:31,37.3394,-121.895,62.47,76,75,1.01
632,Ibra,OM,2021-10-31 01:54:07,22.6906,58.5334,74.16,28,5,6.26
633,Monrovia,LR,2021-10-31 01:54:07,6.3005,-10.7969,76.77,87,100,5.93
634,Aksarka,RU,2021-10-31 01:54:08,66.5606,67.7975,-4.47,91,9,5.06
635,Roebourne,AU,2021-10-31 01:54:08,-20.7833,117.1333,80.24,47,0,13.0
636,Okha,RU,2021-10-31 01:54:08,53.5739,142.9478,31.84,57,100,17.72
637,Cap-Aux-Meules,CA,2021-10-31 01:54:09,47.3821,-61.8597,48.25,93,20,6.91
638,Kuusankoski,FI,2021-10-31 01:54:09,60.907,26.6244,45.12,99,90,1.01
639,Ararat,AM,2021-10-31 01:54:10,39.8317,44.7049,48.54,81,100,1.3
640,Ginda,IN,2021-10-31 01:54:10,30.6945,78.4932,49.33,37,0,5.55
641,Seydi,TM,2021-10-31 01:54:10,39.4816,62.9137,53.01,47,100,6.98
642,Wilmington,US,2021-10-31 01:51:41,34.2257,-77.9447,59.92,76,1,6.91
643,Maracacume,BR,2021-10-31 01:54:11,-2.0428,-45.9592,73.54,96,97,3.31
644,Fomboni,KM,2021-10-31 01:54:11,-12.28,43.7425,78.51,77,2,15.52
645,Kirakira,SB,2021-10-31 01:54:12,-10.4544,161.9205,87.31,62,15,13.0
646,Senanga,ZM,2021-10-31 01:54:12,-16.1167,23.2667,73.69,56,30,1.63
647,Hervey Bay,AU,2021-10-31 01:54:13,-25.2986,152.8535,84.04,72,40,24.61
648,Uyuni,BO,2021-10-31 01:54:13,-20.4597,-66.825,49.48,21,0,6.58
649,Misratah,LY,2021-10-31 01:55:13,32.3754,15.0925,71.24,64,100,10.8
650,Egvekinot,RU,2021-10-31 01:55:14,66.3167,-179.1667,2.98,93,100,11.01
651,Atoyac,MX,2021-10-31 01:55:14,20.0167,-103.5333,63.18,89,22,2.51
652,Tianpeng,CN,2021-10-31 01:55:14,30.9866,103.9393,57.67,68,99,1.43
653,Adre,TD,2021-10-31 01:55:15,13.4667,22.2,72.75,22,29,8.66
654,Derzhavinsk,KZ,2021-10-31 01:55:15,51.1,66.3167,40.73,81,100,18.03
655,Popondetta,PG,2021-10-31 01:55:16,-8.7537,148.2534,92.86,47,76,7.45
656,Aurora,US,2021-10-31 01:54:53,39.7294,-104.8319,56.21,52,75,1.01
657,Half Moon Bay,US,2021-10-31 01:55:16,37.4636,-122.4286,62.06,83,90,3.44
658,Taitung,TW,2021-10-31 01:55:17,22.7583,121.1444,80.87,61,40,6.91
659,Laukaa,RU,2021-10-31 01:55:17,58.7372,29.8453,44.4,91,100,7.07
660,Guane,CU,2021-10-31 01:55:18,22.2025,-84.0875,74.23,74,91,6.87
661,Port Blair,IN,2021-10-31 01:55:18,11.6667,92.75,82.81,76,100,5.73
662,Ode,NG,2021-10-31 01:55:18,7.7899,5.7117,70.18,92,100,3.71
663,Sayyan,YE,2021-10-31 01:55:19,15.1718,44.3244,53.85,82,71,4.5
664,Ishigaki,JP,2021-10-31 01:55:19,24.3448,124.1572,80.73,69,75,12.66
665,Petauke,ZM,2021-10-31 01:55:19,-14.2426,31.3253,70.34,36,8,2.42
666,Tamworth,GB,2021-10-31 01:55:20,52.634,-1.6959,47.57,90,100,3.0
667,Cap Malheureux,MU,2021-10-31 01:55:20,-19.9842,57.6142,71.47,83,0,1.99
668,Rorvik,NO,2021-10-31 01:55:21,64.8621,11.2373,50.67,69,100,23.47
669,Aguas Vermelhas,BR,2021-10-31 01:55:21,-15.7472,-41.46,66.42,91,100,5.55
670,Aitape,PG,2021-10-31 01:55:22,-3.1374,142.3475,84.69,74,62,6.93
671,Poli,TZ,2021-10-31 01:55:22,-3.3333,36.8,61.07,90,18,4.16
672,Clarence Town,AU,2021-10-31 01:55:22,-32.5833,151.7833,70.63,46,99,8.39
673,Muros,ES,2021-10-31 01:55:23,42.7762,-9.0603,67.23,92,100,19.93
674,Araxa,BR,2021-10-31 01:55:15,-19.5933,-46.9406,66.16,94,0,3.44
675,Wanning,CN,2021-10-31 01:55:23,18.8003,110.3967,78.64,84,62,9.01
676,Jaciara,BR,2021-10-31 01:55:24,-15.9653,-54.9683,71.51,90,21,2.28
677,Sao Jose De Ribamar,BR,2021-10-31 01:55:24,-2.5619,-44.0542,80.98,85,26,8.39
678,Saint-Denis,FR,2021-10-31 01:55:25,48.9167,2.3333,51.58,94,0,1.01
679,Troitsko-Pechorsk,RU,2021-10-31 01:55:25,62.7084,56.1964,22.84,97,100,2.98
680,Ngorongoro,TZ,2021-10-31 01:55:25,-3.2397,35.4875,52.83,87,17,3.38
681,Verkhoyansk,RU,2021-10-31 01:55:26,67.5447,133.385,-6.68,96,41,2.19
682,Nileshwar,IN,2021-10-31 01:55:26,12.25,75.1,78.37,88,99,3.29
683,Nkoteng,CM,2021-10-31 01:55:28,4.5167,12.0333,67.08,99,100,1.81
684,Birao,CF,2021-10-31 01:55:28,10.2849,22.7882,73.31,33,100,2.3
685,Gambela,ET,2021-10-31 01:55:28,8.25,34.5833,68.0,84,98,5.41
686,Keetmanshoop,NA,2021-10-31 01:55:29,-26.5833,18.1333,68.95,28,0,7.4
687,Rosario,AR,2021-10-31 01:54:29,-32.9468,-60.6393,81.95,50,0,1.99
688,Barra Patuca,HN,2021-10-31 01:55:29,15.8,-84.2833,79.54,70,100,13.13
689,Tondano,ID,2021-10-31 01:55:30,1.3038,124.9112,66.29,92,100,0.56
690,La Reforma,MX,2021-10-31 01:55:30,25.0833,-108.05,80.15,70,0,5.3
